sample_id,PC1,PC2,PC3,PC4,PC5,PC6,PC7,PC8,dex,cell
SRR1039508,-24.022128872483155,-7.348746776814445,15.819628663292615,-0.3158368549086692,-2.727278393983076,-8.20594411336517,3.361752326052046,8.876623394660221e-14,untrt,N61311
SRR1039509,13.088550376074387,-4.543341559406806,25.516526602483395,0.3032003927952766,1.2809738560228752,6.458891451332395,-2.957084255684323,4.033874471433274e-14,trt,N61311
SRR1039512,-16.246252328202686,-6.193010646728786,-9.700120451433095,-15.519580145024229,-4.518308241479345,6.467856062829334,3.8584348869850267,6.252143984822323e-14,untrt,N052611
SRR1039513,25.440971994491004,-6.978329741993874,-7.130242761121126,-14.969898638345834,4.424204658205041,-5.526625547214108,-3.8106087075641115,3.939990694812323e-15,trt,N052611
SRR1039516,-20.83850310480712,20.897543932379936,-3.3108629740246185,2.085676063382658,11.81588718668746,0.9701806365319539,0.30329931377684266,8.264671228202375e-14,untrt,N080611
SRR1039517,15.77176352141222,28.723561201824182,-1.738437477372339,2.51005401001167,-9.462036103416137,-1.2626912759565476,-0.36620582613478253,1.3921054250760206e-14,trt,N080611
SRR1039520,-18.386628930436395,-12.872535561912796,-11.896449724328336,12.198735162053445,-3.3894435019030427,0.5396675497109027,-6.90705800941526,1.0269638871934772e-13,untrt,N061011
SRR1039521,25.19222734395166,-11.685140847347528,-7.560041877496265,13.707650010035646,2.576000539866204,0.5586652361312405,6.517470271984562,4.0903424310817504e-15,trt,N061011
